Tienda,Ingreso,Calificación,Envio_promedio,Top_categoria,score_default,score_rating_heavy,score_shipping_heavy
Tienda 1,1150880400.0,3.976685036032217,26018.60958033065,Muebles,0.738601102161933,0.6976685036032217,0.5590674014412887
Tienda 2,1116343500.0,4.037303942348453,25216.235693090293,Muebles,0.6514535369714449,0.674342062994884,0.5641118635435164
Tienda 3,1098019600.0,4.048325561678677,24805.680373039424,Muebles,0.6027639382384604,0.6586677903687238,0.5635743205319755
Tienda 4,1038375700.0,3.9957591178965224,23459.457167090754,Muebles,0.4397455470737913,0.5995759117896522,0.5598303647158609
